{
    "camera_left": {
        "model_type": "OmnidirCamera",
        "intrinsics": [
            840.570362271634,
            841.4958613164024,
            583.8368576160891,
            601.3249322406637,
            -0.053692263706654426
        ],
        "distortion": [
            1.6906906461973255,
            0.10623992155396642,
            -0.39623971795073704,
            1.7765366232955344,
            -0.0007839187913922303,
            0.0015938511238571835
        ]
    },
    "camera_right": {
        "model_type": "OmnidirCamera",
        "intrinsics": [
            780.2197418582709,
            779.6500879044936,
            580.3535999724115,
            597.4363419444738,
            -0.4659491205961429
        ],
        "distortion": [
            1.4948443665509175,
            -0.05027026322492171,
            -0.13735721112624433,
            0.3549899875516228,
            0.0005427129838280442,
            -4.742889550262331e-06
        ]
    },
    "extrinsics": {
        "R_rel": [
            [
                0.013999919983564814,
                -0.22287900556936377,
                -0.9747455827634539
            ],
            [
                0.24344408664800601,
                0.9462668861253118,
                -0.21287075162836366
            ],
            [
                0.9698138888037087,
                -0.234315874620389,
                0.067506236632701
            ]
        ],
        "t_rel": [
            [
                -0.07270277612614018
            ],
            [
                -0.016957018899187763
            ],
            [
                -0.07030822297222009
            ]
        ],
        "baseline_meters": 0.10254989207164719
    },
    "stats": {
        "valid_pairs": 41
    }
}